cluster,cluster_size,silhouette_score
0,2386,0.5937428441540501
1,223,0.5937428441540501
