model_variant,RMSE,QLIKE
GARCH_ridge_adj,0.0020118844705835437,1.9558558572207227
GARCH_lasso_base,0.0020646351832796033,1.972984247173871
GARCH_ridge_base,0.0020646351832796033,1.972984247173871
EGARCH_ridge_adj,0.0020579827183788684,2.013930589250641
EGARCH_lasso_base,0.0021148277064683037,2.0168531599175368
EGARCH_ridge_base,0.0021148277064683037,2.0168531599175368
GARCH_lasso_adj,0.003922048969006795,2.4170203015074163
EGARCH_lasso_adj,0.004350323747228574,2.4525965933386913
