model,QLIKE,AIC,BIC
GARCH,1.96885095530372,-4.08484933723505,-4.07665846203606
GARCHX,1.98227322867551,-4.08600729234646,-4.06757782314873
