model,QLIKE,AIC,BIC
GARCH,1.96847707427957,-4.08490920679367,-4.07672066683833
GARCHX,1.98138928753793,-4.08583163354672,-4.0674074186472
